username,role,tanggal dan waktu,status
mikel,admin,2025-12-21 23:34:22,BERHASIL
mikel,admin,2025-12-21 23:34:54,GAGAL
"& ""C:/Users/ASUS NB/AppData/Local/Python/pythoncore-3.14-64/python.exe"" ""c:/Users/ASUS NB/Documents/Belajar Python/ALPROTOL/LOGIN ADMIN DAN RIWAYAT KEGIATAN/LoginAdmin.py""",unknown,2025-12-21 23:35:23,GAGAL
pria,user,2025-12-21 23:35:47,BERHASIL
mikel,admin,2025-12-21 23:37:59,BERHASIL
mikel,admin,2025-12-22 00:02:56,BERHASIL
mikel,admin,2025-12-22 00:04:55,BERHASIL
mikel,admin,2025-12-22 00:07:09,BERHASIL
pria,Anggota,2025-12-22 00:13:26,BERHASIL
pria,Anggota,2025-12-22 00:13:42,GAGAL
pria,Anggota,2025-12-22 00:18:07,BERHASIL
mikel,admin,2025-12-24 21:07:12,BERHASIL
mikel,admin,2025-12-24 21:09:28,BERHASIL
mikel,admin,2025-12-24 21:10:14,GAGAL
mikel,unknown,2025-12-24 21:11:36,GAGAL
iiiii,admin,2025-12-24 21:13:32,GAGAL
mikel,admin,2025-12-24 21:13:44,GAGAL
mikel,admin,2025-12-27 06:02:20,BERHASIL
mikel,admin,2025-12-27 06:02:52,BERHASIL
mikel,Anggota,2025-12-27 06:43:22,GAGAL
mikel,admin,2025-12-27 06:43:45,BERHASIL
mikel,admin,2025-12-27 06:46:20,BERHASIL
mikel,admin,2025-12-27 06:54:12,BERHASIL
mikel,admin,2025-12-27 06:56:30,BERHASIL
mikel,admin,2025-12-27 06:59:35,BERHASIL
mikel,admin,2025-12-27 07:00:54,BERHASIL
mikel,admin,2025-12-27 07:04:24,BERHASIL
mikel,admin,2025-12-27 07:06:35,BERHASIL
"& ""C:/Users/ASUS NB/AppData/Local/Python/pythoncore-3.14-64/python.exe"" ""c:/Users/ASUS NB/Documents/Belajar Python/ALPROTOL/LOGIN ADMIN DAN RIWAYAT KEGIATAN/dataawalakhir.py""",admin,2025-12-28 20:23:39,GAGAL
"& ""C:/Users/ASUS NB/AppData/Local/Python/pythoncore-3.14-64/python.exe"" ""c:/Users/ASUS NB/Documents/Belajar Python/ALPROTOL/LOGIN ADMIN DAN RIWAYAT KEGIATAN/dataawalakhir.py""",admin,2025-12-28 20:31:46,GAGAL
mikel,,2025-12-28 20:43:45,GAGAL MELAKUKAN LOGIN
mikel,,2025-12-28 20:44:27,GAGAL MELAKUKAN LOGIN
mikel,,2025-12-28 20:46:39,GAGAL MELAKUKAN LOGIN
pria,,2025-12-28 20:47:09,GAGAL MELAKUKAN LOGIN
pria,Anggota,2025-12-28 20:48:41,BERHASIL
pria,Anggota,2025-12-28 20:51:16,BERHASIL
pria,Anggota,2025-12-28 20:55:28,BERHASIL
pria,Anggota,2025-12-28 20:57:00,BERHASIL
ojihou,Unknow,2025-12-28 21:05:44,telah  GAGAL melakukan login
mkaja,Unknow,2025-12-28 21:08:44,telah  GAGAL melakukan login
hugi,Unknow,2025-12-28 21:13:29,telah  GAGAL melakukan login
mihkkih,Unknow,2025-12-28 21:13:54,telah  GAGAL melakukan login
mieek,Unknow,2025-12-28 21:14:53,telah  GAGAL melakukan login
mieek,unknown ,2025-12-28 21:14:53,GAGAL
"& ""C:/Users/ASUS NB/AppData/Local/Python/pythoncore-3.14-64/python.exe"" ""c:/Users/ASUS NB/Documents/Belajar Python/ALPROTOL/LOGIN ADMIN DAN RIWAYAT KEGIATAN/LoginMainMenu.py""",Unknow,2025-12-28 21:15:58,telah  GAGAL melakukan login
"& ""C:/Users/ASUS NB/AppData/Local/Python/pythoncore-3.14-64/python.exe"" ""c:/Users/ASUS NB/Documents/Belajar Python/ALPROTOL/LOGIN ADMIN DAN RIWAYAT KEGIATAN/LoginMainMenu.py""",unknown ,2025-12-28 21:15:58,GAGAL
jejke,Unknow,2025-12-28 21:16:12,telah  GAGAL melakukan login
jejke,unknown ,2025-12-28 21:16:12,GAGAL
mijkela,Tidak Diketahui,2025-12-28 21:18:01,Telah  GAGAL Melakukan Login
mijkela,Tidak Diketahui ,2025-12-28 21:18:01,Telah Gagal Melakukan Login
